{
    "properties": {
        "activities": [
            {
                "name": "DownloadCMSDataset",
                "type": "TridentNotebook",
                "dependsOn": [],
                "policy": {
                    "retry": 0,
                    "retryIntervalInSeconds": 30,
                    "secureOutput": false,
                    "secureInput": false
                },
                "typeProperties": {
                    "notebookId": "d48a1f2f-8392-4fba-bd05-f76f4b978bfe",
                    "workspaceId": "904f9388-f876-4176-be2a-6ef7d62d6544"
                }
            },
            {
                "name": "CreateCMSDataFlatTable",
                "type": "TridentNotebook",
                "dependsOn": [
                    {
                        "activity": "DownloadCMSDataset",
                        "dependencyConditions": [
                            "Succeeded"
                        ]
                    }
                ],
                "policy": {
                    "timeout": "0.12:00:00",
                    "retry": 0,
                    "retryIntervalInSeconds": 30,
                    "secureOutput": false,
                    "secureInput": false
                },
                "typeProperties": {
                    "notebookId": "b052405e-a729-4316-97bf-bbb339f86985",
                    "workspaceId": "904f9388-f876-4176-be2a-6ef7d62d6544"
                }
            },
            {
                "name": "CreateCMSStarSchemaTables",
                "type": "TridentNotebook",
                "dependsOn": [
                    {
                        "activity": "CreateCMSDataFlatTable",
                        "dependencyConditions": [
                            "Succeeded"
                        ]
                    }
                ],
                "policy": {
                    "timeout": "0.12:00:00",
                    "retry": 0,
                    "retryIntervalInSeconds": 30,
                    "secureOutput": false,
                    "secureInput": false
                },
                "typeProperties": {
                    "notebookId": "63eb8687-b7ae-4d84-9c5c-2d96b82ce74b",
                    "workspaceId": "904f9388-f876-4176-be2a-6ef7d62d6544"
                }
            }
        ]
    }
}